k,n_bootstrap,mean_ARI,std_ARI,ci_lo,ci_hi
2,100,0.9164321586466981,0.053421928463746576,0.7837040140399452,0.9957399097796372
3,100,0.804789245738133,0.1791032424246373,0.3256688694532145,0.9743983062935364
4,100,0.8295800816663796,0.12388742670787035,0.4191484376736758,0.9499792580580338
