k,Wk_real,log_Wk_real,log_Wk_ref_mean,gap,sk
2,1459.047026502909,7.285538780013564,7.135664213230658,-0.14987456678290556,0.005914525728515881
3,1339.2190553420276,7.199841928533345,7.113268261723597,-0.08657366680974743,0.0076185096331861475
4,1236.8832841613753,7.120350013988873,7.095917953991053,-0.024432059997820055,0.0069738147640863585
5,1177.833192136418,7.0714317515842735,7.080608854491647,0.009177102907373502,0.007076302588130222
6,1127.467757576813,7.027729474583747,7.067604386147613,0.03987491156386547,0.005897966987346686
7,1094.2596952696522,6.9978333362279175,7.053106418409075,0.05527308218115756,0.008843320291870937
8,1051.3659818046303,6.957845532720793,7.042591350175999,0.08474581745520648,0.00991827526597543
