k,bic,aic,log_likelihood
2,-22928.709401746175,-23506.854373981005,11894.427186990502
3,-42989.28838197615,-43858.555999804405,22141.277999902202
4,-50336.59725766009,-51496.98752108177,26031.493760540885
5,-54130.972865309246,-55582.48577432435,28145.242887162174
6,-56210.47566031269,-57953.11121492121,29401.555607460607
7,-60990.68730820446,-63024.44550840641,32008.222754203205
8,-65694.80684245042,-68019.68768824579,34576.843844122894
