k,silhouette,inertia
2,0.18685609835572373,1459.047026502909
3,0.1748299692714221,1339.2190553420276
4,0.1448285259128795,1236.8832841613753
5,0.15367804741380986,1177.833192136418
6,0.14418346165549356,1127.467757576813
7,0.122473869292126,1094.2596952696522
8,0.13833552563081009,1051.3659818046303
